index,name,final_name
1,g006_o007,g060_p017
2,g045_o019,g060_p036
3,g043_o039,g060_p037
4,g043_o046,g060_p034
5,g040_o019,g060_p033
6,g041_o037,g060_p035
7,g040_o025,g060_p030
8,g045_o033,g060_p015
9,g046_o040,g060_p005
10,g041_o005,g060_p002
11,g035_o012,g060_p029
12,g043_o037,g060_p014
13,g059_o021,g059_p048
14,g046_o016,g060_p016
15,g027_o049,g044_p043
16,g030_o027,g041_p048
17,g054_o002,g055_p047
18,g058_o022,g060_p019
19,g022_o041,g045_p047
20,g038_o039,g045_p044
21,g040_o001,g042_p035
22,g038_o047,g042_p033
23,g033_o033,g060_p031
24,g038_o024,g039_p044
25,g038_o001,g045_p041
26,g042_o003,g045_p046
27,g040_o034,g045_p043
28,g042_o038,g060_p032
29,g048_o031,g060_p022
30,g034_o023,g034_p049
31,g031_o008,g039_p029
32,g047_o020,g047_p045
33,g037_o033,g042_p040
34,g050_o008,g050_p049
35,g045_o024,g060_p021
36,g030_o049,g037_p043
37,g038_o010,g060_p020
38,g048_o010,g051_p047
39,g011_o020,g030_p038
40,g028_o010,g039_p032
41,g027_o037,g039_p034
42,g039_o023,g044_p040
43,g030_o001,g032_p049
44,g014_o026,g043_p048
45,g060_o018,g060_p049
46,g044_o041,g060_p039
47,g023_o020,g060_p038
48,g044_o002,g045_p048
49,g036_o039,g060_p013
50,g023_o045,g060_p041
51,g020_o021,g033_p041
52,g058_o020,g060_p042
53,g056_o047,g060_p040
54,g026_o026,g044_p048
55,g020_o023,g029_p041
56,g036_o034,g037_p049
57,g047_o014,g060_p006
58,g007_o035,g039_p048
59,g029_o012,g029_p043
60,g018_o019,g044_p041
61,g010_o025,g027_p047
62,g050_o041,g050_p048
63,g029_o033,g060_p027
64,g033_o011,g043_p046
65,g030_o007,g042_p046
66,g032_o048,g038_p044
67,g028_o015,g047_p048
68,g024_o006,g026_p037
69,g046_o031,g060_p004
70,g033_o005,g038_p045
71,g025_o041,g027_p048
72,g012_o024,g033_p046
73,g021_o024,g029_p042
74,g013_o009,g041_p049
75,g015_o010,g033_p045
76,g021_o043,g039_p033
77,g007_o043,g024_p041
78,g036_o013,g037_p044
79,g040_o005,g040_p048
80,g004_o008,g045_p040
81,g028_o030,g037_p041
82,g010_o024,g024_p039
83,g034_o041,g034_p037
84,g057_o006,g058_p049
85,g025_o006,g039_p047
86,g022_o022,g029_p032
87,g027_o014,g031_p046
88,g053_o020,g054_p046
89,g046_o025,g046_p048
90,g049_o004,g060_p007
91,g009_o033,g035_p041
92,g036_o047,g037_p045
93,g029_o015,g032_p017
94,g026_o010,g047_p049
95,g015_o001,g033_p040
96,g012_o031,g026_p049
97,g016_o003,g035_p045
98,g026_o034,g060_p023
99,g019_o000,g020_p047
100,g019_o021,g025_p044
101,g013_o040,g023_p042
102,g032_o040,g035_p044
103,g039_o030,g040_p047
104,g017_o015,g025_p041
105,g011_o003,g019_p044
106,g033_o017,g060_p012
107,g000_p000,g032_p037
108,g043_o044,g057_p048
109,g006_o038,g018_p042
110,g013_o032,g027_p023
111,g018_o003,g028_p045
112,g010_o039,g021_p038
113,g018_o048,g032_p040
114,g052_o048,g052_p048
115,g009_o005,g031_p048
116,g038_o015,g038_p047
117,g017_o014,g027_p040
118,g007_o027,g035_p043
119,g006_o004,g024_p046
120,g036_o023,g042_p036
121,g008_o038,g028_p043
122,g011_o028,g028_p039
123,g004_o002,g020_p045
124,g020_o026,g035_p049
125,g008_o003,g060_p028
126,g005_o016,g020_p049
127,g014_o036,g035_p035
128,g019_o032,g020_p048
129,g017_o028,g060_p011
130,g014_o002,g018_p045
131,g017_o045,g020_p044
132,g011_o029,g019_p033
133,g005_o044,g020_p046
134,g023_o048,g024_p047
135,g011_o043,g013_p049
136,g013_o001,g013_p045
137,g026_o045,g026_p045
138,g011_o026,g012_p044
139,g040_o006,g041_p046
140,g007_o000,g012_p042
141,g013_o038,g017_p039
142,g012_o006,g012_p043
143,g008_o046,g011_p048
144,g018_o020,g018_p047
145,g012_o014,g018_p049
146,g045_o021,g053_p047
147,g008_o010,g016_p046
148,g059_o048,g060_p045
149,g005_o000,g017_p036
150,g000_p023,g010_p024
151,g010_o018,g010_p035
152,g007_o020,g016_p038
153,g009_o043,g011_p040
154,g013_o022,g017_p047
155,g010_o017,g016_p039
156,g015_o014,g022_p049
157,g018_o049,g019_p043
158,g007_o022,g011_p045
159,g009_o048,g016_p049
160,g006_o012,g017_p048
161,g008_o011,g009_p043
162,g009_o042,g010_p039
163,g010_o027,g016_p040
164,g008_o022,g028_p034
165,g016_o012,g016_p041
166,g017_o035,g021_p049
167,g010_o044,g013_p048
168,g028_o049,g058_p043
169,g008_o016,g011_p049
170,g006_o019,g013_p047
171,g002_o001,g009_p044
172,g013_o003,g014_p037
173,g054_o024,g060_p048
174,g008_o039,g012_p032
175,g010_o046,g012_p033
176,g009_o004,g010_p049
177,g057_o030,g057_p047
178,g034_o032,g037_p042
179,g005_o004,g012_p047
180,g022_o001,g022_p043
181,g011_o015,g013_p046
182,g024_o016,g025_p037
183,g005_o001,g012_p049
184,g006_o008,g009_p037
185,g001_o000,g009_p045
186,g003_o030,g009_p039
187,g002_o032,g007_p049
188,g007_o004,g007_p040
189,g027_o005,g041_p047
190,g009_o028,g009_p038
191,g003_o019,g006_p032
192,g004_o041,g006_p026
193,g006_o048,g006_p043
194,g057_o002,g060_p044
195,g024_o029,g024_p049
196,g006_o000,g007_p044
197,g004_o020,g004_p028
198,g004_o017,g008_p049
199,g012_o021,g013_p044
200,g004_o025,g005_p046
201,g006_o006,g006_p039
202,g001_o001,g005_p049
203,g039_o041,g060_p018
204,g026_o046,g026_p047
205,g003_o033,g004_p038
206,g019_o007,g022_p041
207,g002_o041,g006_p049
208,g000_p011,g004_p042
209,g029_o025,g030_p049
210,g009_o007,g010_p047
211,g010_o010,g011_p039
212,g009_o002,g009_p048
213,g011_o004,g019_p042
214,g007_o011,g011_p038
215,g043_o026,g053_p040
216,g027_o020,g056_p042
217,g014_o028,g024_p048
218,g026_o040,g026_p046
219,g006_o010,g007_p045
220,g010_o041,g011_p047
221,g023_o016,g056_p041
222,g003_o035,g003_p034
223,g055_o035,g055_p048
224,g045_o010,g060_p003
225,g008_o028,g008_p042
226,g021_o010,g023_p046
227,g002_o025,g007_p043
228,g046_o008,g046_p047
229,g023_o032,g023_p047
230,g021_o027,g025_p032
231,g050_o044,g056_p044
232,g048_o016,g054_p049
233,g014_o035,g020_p043
234,g025_o030,g049_p047
235,g017_o009,g021_p048
236,g015_o004,g016_p042
237,g051_o013,g060_p043
238,g006_o043,g006_p048
239,g056_o022,g060_p010
240,g023_o022,g025_p038
241,g025_o020,g060_p000
242,g047_o035,g060_p009
243,g003_o014,g006_p047
244,g020_o022,g022_p023
245,g051_o011,g060_p025
246,g021_o045,g022_p037
247,g042_o029,g049_p049
248,g055_o023,g060_p008
249,g002_o021,g010_p048
250,g046_o021,g048_p040
251,g005_o023,g009_p049
252,g001_o007,g003_p033
253,g012_o008,g015_p049
254,g046_o004,g060_p024
255,g021_o000,g022_p042
256,g034_o004,g046_p027
257,g025_o003,g049_p048
258,g058_o011,g060_p026
259,g001_o029,g007_p046
260,g001_o025,g004_p048
261,g000_p017,g003_p045
262,g025_o018,g044_p049
263,g008_o009,g008_p014
264,g021_o013,g025_p048
265,g008_o035,g010_p046
266,g008_o042,g009_p047
267,g005_o021,g008_p024
268,g003_o018,g005_p048
269,g008_o036,g008_p025
270,g002_o011,g008_p035
271,g003_o023,g004_p046
272,g002_o031,g008_p041
273,g004_o024,g005_p014
274,g005_o041,g007_p042
275,g000_p047,g003_p046
276,g005_o013,g005_p045
277,g003_o043,g003_p044
278,g002_o009,g005_p021
279,g001_o003,g002_p042
