index,name
1,g006_o007
2,g010_o025
3,g011_o020
4,g012_o031
5,g020_o021
6,g020_o023
7,g021_o024
8,g021_o043
9,g022_o041
10,g023_o020
11,g023_o045
12,g024_o006
13,g025_o041
14,g027_o037
15,g027_o049
16,g028_o010
17,g028_o015
18,g029_o012
19,g030_o001
20,g030_o007
21,g030_o026
22,g030_o027
23,g031_o008
24,g031_o028
25,g032_o038
26,g033_o011
27,g034_o009
28,g034_o023
29,g036_o034
30,g037_o010
31,g038_o010
32,g038_o024
33,g038_o047
34,g039_o041
35,g040_o001
36,g040_o019
